<?xml version="1.0" encoding="UTF-8" ?>
<module>
    <name>gapser</name>
    <displayName><![CDATA[GaPSer - Moduł Zgodności Dyrektywy GPSR]]></displayName>
    <version><![CDATA[1.0.1]]></version>
    <description><![CDATA[Ten moduł pomoże Twojemu sklepowi zachować zgodność z dyrektywą UE GPSR, kt&oacute;ra wymaga od Ciebie informowania klient&oacute;w o polityce bezpieczeństwa producenta produktu.]]></description>
    <author><![CDATA[Krzysztof Towalski]]></author>
    <tab><![CDATA[content_management]]></tab>
	<confirmUninstall><![CDATA[Na pewno chcesz wywalić?]]></confirmUninstall>
    <is_configurable>1</is_configurable>
    <need_instance>0</need_instance>
</module>